Workbook

Sheet READ ME
A1: Client & Lead Tracker
A3: 1. Add every enquiry on 'Leads'. Set stage from the dropdown and a follow-up date.
A4: 2. The 'Follow-up due?' column flags people you must call today.
A5: 3. 'Dashboard' shows how many leads per stage, rupee value, and your win rate.
A6: Most sales are lost by not following up. This sheet fixes that.
A8: Yellow cells = you type. Everything else calculates automatically.

Sheet Leads
A1: Name | B1: Phone | C1: Source | D1: Stage | E1: Quote (₹) | F1: Last contact | G1: Follow-up date | H1: Follow-up due? | I1: Notes
H2: =IF(OR(G2="",D2="Won",D2="Lost"),"",IF(G2<=TODAY(),"FOLLOW UP TODAY",""))
H3: =IF(OR(G3="",D3="Won",D3="Lost"),"",IF(G3<=TODAY(),"FOLLOW UP TODAY",""))
H4: =IF(OR(G4="",D4="Won",D4="Lost"),"",IF(G4<=TODAY(),"FOLLOW UP TODAY",""))
H5: =IF(OR(G5="",D5="Won",D5="Lost"),"",IF(G5<=TODAY(),"FOLLOW UP TODAY",""))
H6: =IF(OR(G6="",D6="Won",D6="Lost"),"",IF(G6<=TODAY(),"FOLLOW UP TODAY",""))
H7: =IF(OR(G7="",D7="Won",D7="Lost"),"",IF(G7<=TODAY(),"FOLLOW UP TODAY",""))
H8: =IF(OR(G8="",D8="Won",D8="Lost"),"",IF(G8<=TODAY(),"FOLLOW UP TODAY",""))
H9: =IF(OR(G9="",D9="Won",D9="Lost"),"",IF(G9<=TODAY(),"FOLLOW UP TODAY",""))
H10: =IF(OR(G10="",D10="Won",D10="Lost"),"",IF(G10<=TODAY(),"FOLLOW UP TODAY",""))
H11: =IF(OR(G11="",D11="Won",D11="Lost"),"",IF(G11<=TODAY(),"FOLLOW UP TODAY",""))
H12: =IF(OR(G12="",D12="Won",D12="Lost"),"",IF(G12<=TODAY(),"FOLLOW UP TODAY",""))
H13: =IF(OR(G13="",D13="Won",D13="Lost"),"",IF(G13<=TODAY(),"FOLLOW UP TODAY",""))
... H401: =IF(OR(G401="",D401="Won",D401="Lost"),"",IF(G401<=TODAY(),"FOLLOW UP TODAY",""))

Sheet Dashboard
A1: Stage | B1: Count | C1: Value (₹)
A2: New | B2: =COUNTIF(Leads!D:D,A2) | C2: =SUMIFS(Leads!E:E,Leads!D:D,A2)
A3: Contacted | B3: =COUNTIF(Leads!D:D,A3) | C3: =SUMIFS(Leads!E:E,Leads!D:D,A3)
A4: Quoted | B4: =COUNTIF(Leads!D:D,A4) | C4: =SUMIFS(Leads!E:E,Leads!D:D,A4)
A5: Negotiating | B5: =COUNTIF(Leads!D:D,A5) | C5: =SUMIFS(Leads!E:E,Leads!D:D,A5)
A6: Won | B6: =COUNTIF(Leads!D:D,A6) | C6: =SUMIFS(Leads!E:E,Leads!D:D,A6)
A7: Lost | B7: =COUNTIF(Leads!D:D,A7) | C7: =SUMIFS(Leads!E:E,Leads!D:D,A7)
A9: Win rate | B9: =IF(B6+B7=0,0,B6/(B6+B7))
